<?xml version="1.0" encoding="UTF-8" standalone="no"?>
<level image="FloridaBackground.png" name="Florida0">
     <intersections>
          <intersection id="0" open="true" x="136" y="236"/>
          <intersection id="0" open="true" x="1466" y="357"/>
          <intersection id="0" open="false" x="465" y="108"/>
          <intersection id="0" open="true" x="700" y="98"/>
          <intersection id="0" open="false" x="1168" y="134"/>
          <intersection id="0" open="true" x="1224" y="360"/>
          <intersection id="0" open="false" x="687" y="581"/>
          <intersection id="0" open="false" x="465" y="337"/>
          <intersection id="0" open="true" x="352" y="232"/>
          <intersection id="0" open="true" x="632" y="326"/>
          <intersection id="0" open="true" x="469" y="578"/>
          <intersection id="0" open="false" x="903" y="98"/>
          <intersection id="0" open="false" x="832" y="332"/>
          <intersection id="0" open="true" x="972" y="571"/>
     </intersections>
     <roads>
          <road int_id1="0" int_id2="8" one_way="false" speed_limit="30"/>
          <road int_id1="8" int_id2="7" one_way="false" speed_limit="30"/>
          <road int_id1="7" int_id2="10" one_way="false" speed_limit="30"/>
          <road int_id1="10" int_id2="6" one_way="false" speed_limit="30"/>
          <road int_id1="7" int_id2="9" one_way="false" speed_limit="30"/>
          <road int_id1="8" int_id2="2" one_way="false" speed_limit="30"/>
          <road int_id1="2" int_id2="9" one_way="false" speed_limit="30"/>
          <road int_id1="9" int_id2="12" one_way="true" speed_limit="30"/>
          <road int_id1="12" int_id2="6" one_way="false" speed_limit="100"/>
          <road int_id1="2" int_id2="3" one_way="true" speed_limit="30"/>
          <road int_id1="3" int_id2="11" one_way="true" speed_limit="30"/>
          <road int_id1="12" int_id2="13" one_way="false" speed_limit="30"/>
          <road int_id1="11" int_id2="12" one_way="false" speed_limit="30"/>
          <road int_id1="11" int_id2="4" one_way="true" speed_limit="30"/>
          <road int_id1="4" int_id2="13" one_way="false" speed_limit="10"/>
          <road int_id1="13" int_id2="5" one_way="false" speed_limit="100"/>
          <road int_id1="5" int_id2="1" one_way="false" speed_limit="30"/>
          <road int_id1="9" int_id2="9" one_way="false" speed_limit="30"/>
          <road int_id1="9" int_id2="3" one_way="false" speed_limit="30"/>
          <road int_id1="9" int_id2="6" one_way="true" speed_limit="100"/>
          <road int_id1="13" int_id2="6" one_way="true" speed_limit="30"/>
          <road int_id1="11" int_id2="5" one_way="false" speed_limit="30"/>
     </roads>
     <start_intersection id="0" image="FloridaStart0.png"/>
     <destination_intersection id="1" image="Safehouse.png"/>
     <money amount="1300"/>
     <police num="2"/>
     <bandits num="3"/>
     <zombies num="3"/>
</level>
