<?xml version="1.0" encoding="UTF-8" standalone="no"?>
<level image="FloridaBackground.png" name="Florida0">
     <intersections>
          <intersection id="0" open="true" x="121" y="308"/>
          <intersection id="0" open="true" x="1238" y="560"/>
          <intersection id="0" open="true" x="520" y="36"/>
          <intersection id="0" open="false" x="701" y="101"/>
          <intersection id="0" open="false" x="1218" y="144"/>
          <intersection id="0" open="true" x="1224" y="360"/>
          <intersection id="0" open="false" x="687" y="581"/>
          <intersection id="0" open="false" x="479" y="313"/>
          <intersection id="0" open="true" x="269" y="309"/>
          <intersection id="0" open="true" x="619" y="312"/>
          <intersection id="0" open="true" x="468" y="587"/>
          <intersection id="0" open="true" x="898" y="161"/>
          <intersection id="0" open="false" x="822" y="322"/>
          <intersection id="0" open="true" x="994" y="571"/>
     </intersections>
     <roads>
          <road int_id1="0" int_id2="8" one_way="false" speed_limit="100"/>
          <road int_id1="8" int_id2="7" one_way="true" speed_limit="100"/>
          <road int_id1="7" int_id2="10" one_way="false" speed_limit="100"/>
          <road int_id1="10" int_id2="6" one_way="false" speed_limit="50"/>
          <road int_id1="7" int_id2="9" one_way="false" speed_limit="20"/>
          <road int_id1="8" int_id2="2" one_way="false" speed_limit="30"/>
          <road int_id1="2" int_id2="9" one_way="false" speed_limit="30"/>
          <road int_id1="9" int_id2="12" one_way="false" speed_limit="30"/>
          <road int_id1="12" int_id2="6" one_way="false" speed_limit="100"/>
          <road int_id1="2" int_id2="3" one_way="true" speed_limit="30"/>
          <road int_id1="3" int_id2="11" one_way="false" speed_limit="30"/>
          <road int_id1="6" int_id2="13" one_way="false" speed_limit="100"/>
          <road int_id1="12" int_id2="13" one_way="false" speed_limit="30"/>
          <road int_id1="11" int_id2="12" one_way="false" speed_limit="30"/>
          <road int_id1="11" int_id2="4" one_way="true" speed_limit="100"/>
          <road int_id1="4" int_id2="13" one_way="false" speed_limit="10"/>
          <road int_id1="13" int_id2="5" one_way="true" speed_limit="20"/>
          <road int_id1="5" int_id2="1" one_way="false" speed_limit="30"/>
          <road int_id1="9" int_id2="9" one_way="false" speed_limit="30"/>
          <road int_id1="9" int_id2="3" one_way="false" speed_limit="30"/>
          <road int_id1="9" int_id2="6" one_way="true" speed_limit="100"/>
          <road int_id1="8" int_id2="10" one_way="false" speed_limit="30"/>
          <road int_id1="11" int_id2="5" one_way="true" speed_limit="10"/>
          <road int_id1="4" int_id2="5" one_way="false" speed_limit="100"/>
          <road int_id1="11" int_id2="13" one_way="false" speed_limit="30"/>
     </roads>
     <start_intersection id="0" image="FloridaStart1.png"/>
     <destination_intersection id="1" image="Safehouse.png"/>
     <money amount="1400"/>
     <police num="2"/>
     <bandits num="3"/>
     <zombies num="4"/>
</level>
