<?xml version="1.0" encoding="UTF-8" standalone="no"?>
<level image="MontanaBackground.png" name="Montana1">
     <intersections>
          <intersection id="0" open="true" x="121" y="298"/>
          <intersection id="0" open="true" x="892" y="275"/>
          <intersection id="0" open="true" x="419" y="64"/>
          <intersection id="0" open="true" x="615" y="400"/>
          <intersection id="0" open="false" x="412" y="308"/>
          <intersection id="0" open="false" x="612" y="190"/>
          <intersection id="0" open="true" x="415" y="565"/>
          <intersection id="0" open="true" x="275" y="305"/>
     </intersections>
     <roads>
          <road int_id1="0" int_id2="7" one_way="false" speed_limit="30"/>
          <road int_id1="7" int_id2="6" one_way="false" speed_limit="30"/>
          <road int_id1="7" int_id2="2" one_way="false" speed_limit="30"/>
          <road int_id1="2" int_id2="4" one_way="false" speed_limit="20"/>
          <road int_id1="2" int_id2="2" one_way="false" speed_limit="30"/>
          <road int_id1="4" int_id2="3" one_way="false" speed_limit="70"/>
          <road int_id1="3" int_id2="5" one_way="false" speed_limit="30"/>
          <road int_id1="3" int_id2="1" one_way="false" speed_limit="20"/>
          <road int_id1="4" int_id2="6" one_way="false" speed_limit="20"/>
          <road int_id1="5" int_id2="5" one_way="false" speed_limit="30"/>
          <road int_id1="2" int_id2="5" one_way="false" speed_limit="30"/>
          <road int_id1="6" int_id2="3" one_way="false" speed_limit="30"/>
          <road int_id1="5" int_id2="1" one_way="false" speed_limit="30"/>
          <road int_id1="4" int_id2="5" one_way="false" speed_limit="70"/>
     </roads>
     <start_intersection id="0" image="MontanaStart2.png"/>
     <destination_intersection id="1" image="Safehouse.png"/>
     <money amount="600"/>
     <police num="1"/>
     <bandits num="2"/>
     <zombies num="1"/>
</level>
