<?xml version="1.0" encoding="UTF-8" standalone="no"?>
<level image="MontanaBackground.png" name="Montana1">
     <intersections>
          <intersection id="0" open="true" x="150" y="274"/>
          <intersection id="0" open="true" x="913" y="292"/>
          <intersection id="0" open="false" x="425" y="142"/>
          <intersection id="0" open="true" x="804" y="291"/>
          <intersection id="0" open="true" x="686" y="138"/>
          <intersection id="0" open="true" x="695" y="562"/>
          <intersection id="0" open="true" x="415" y="562"/>
          <intersection id="0" open="true" x="282" y="273"/>
     </intersections>
     <roads>
          <road int_id1="0" int_id2="7" one_way="false" speed_limit="30"/>
          <road int_id1="7" int_id2="6" one_way="false" speed_limit="40"/>
          <road int_id1="7" int_id2="2" one_way="false" speed_limit="20"/>
          <road int_id1="2" int_id2="4" one_way="true" speed_limit="10"/>
          <road int_id1="2" int_id2="2" one_way="false" speed_limit="30"/>
          <road int_id1="4" int_id2="3" one_way="false" speed_limit="20"/>
          <road int_id1="3" int_id2="5" one_way="false" speed_limit="30"/>
          <road int_id1="6" int_id2="5" one_way="false" speed_limit="30"/>
          <road int_id1="3" int_id2="1" one_way="false" speed_limit="30"/>
          <road int_id1="3" int_id2="3" one_way="false" speed_limit="30"/>
          <road int_id1="4" int_id2="6" one_way="false" speed_limit="40"/>
          <road int_id1="3" int_id2="7" one_way="true" speed_limit="30"/>
     </roads>
     <start_intersection id="0" image="MontanaStart0.png"/>
     <destination_intersection id="1" image="Safehouse.png"/>
     <money amount="200"/>
     <police num="1"/>
     <bandits num="1"/>
     <zombies num="1"/>
</level>
