<?xml version="1.0" encoding="UTF-8" standalone="no"?>
<level image="TexasBackground.png" name="Texas1">
     <intersections>
          <intersection id="0" open="true" x="124" y="218"/>
          <intersection id="0" open="true" x="1020" y="229"/>
          <intersection id="0" open="true" x="882" y="348"/>
          <intersection id="0" open="false" x="423" y="226"/>
          <intersection id="0" open="true" x="264" y="218"/>
          <intersection id="0" open="false" x="604" y="272"/>
          <intersection id="0" open="true" x="555" y="395"/>
          <intersection id="0" open="true" x="439" y="652"/>
          <intersection id="0" open="true" x="317" y="415"/>
          <intersection id="0" open="false" x="514" y="494"/>
          <intersection id="0" open="true" x="793" y="526"/>
          <intersection id="0" open="false" x="720" y="149"/>
     </intersections>
     <roads>
          <road int_id1="0" int_id2="4" one_way="false" speed_limit="30"/>
          <road int_id1="4" int_id2="3" one_way="false" speed_limit="30"/>
          <road int_id1="4" int_id2="8" one_way="false" speed_limit="10"/>
          <road int_id1="3" int_id2="5" one_way="false" speed_limit="30"/>
          <road int_id1="5" int_id2="6" one_way="false" speed_limit="30"/>
          <road int_id1="3" int_id2="11" one_way="false" speed_limit="50"/>
          <road int_id1="5" int_id2="11" one_way="true" speed_limit="60"/>
          <road int_id1="7" int_id2="8" one_way="false" speed_limit="30"/>
          <road int_id1="7" int_id2="9" one_way="false" speed_limit="40"/>
          <road int_id1="9" int_id2="10" one_way="false" speed_limit="10"/>
          <road int_id1="10" int_id2="2" one_way="false" speed_limit="30"/>
          <road int_id1="8" int_id2="6" one_way="true" speed_limit="20"/>
          <road int_id1="11" int_id2="2" one_way="true" speed_limit="20"/>
          <road int_id1="2" int_id2="1" one_way="false" speed_limit="30"/>
          <road int_id1="6" int_id2="10" one_way="false" speed_limit="30"/>
          <road int_id1="7" int_id2="10" one_way="true" speed_limit="20"/>
          <road int_id1="5" int_id2="2" one_way="false" speed_limit="30"/>
     </roads>
     <start_intersection id="0" image="TexasStart0.png"/>
     <destination_intersection id="1" image="Safehouse.png"/>
     <money amount="1000"/>
     <police num="2"/>
     <bandits num="2"/>
     <zombies num="2"/>
</level>
