<?xml version="1.0" encoding="UTF-8"?>
<!--
    The properties in this file setup a casual mini game of pathX.
-->
<properties>
    <property_list>
        <!-- ALL THE IMAGES TO BE USED IN THE GAME -->
        <property name="IMAGE_BACKGROUND_GAME"                  value="./pathX/BackgroundGame.png"></property>
        <property name="IMAGE_BACKGROUND_MENU"                  value="./pathX/BackgroundMenu.png"></property>
        <property name="IMAGE_BACKGROUND_SETTINGS"              value="./pathX/BackgroundSettings.png"></property>
        <property name="IMAGE_BACKGROUND_HELP"                  value="./pathX/BackgroundHelp.png"></property>
        <property name="IMAGE_BACKGROUND_LEVEL_SELECT"          value="./pathX/BackgroundLevelSelect.png"></property>
        <property name="IMAGE_PLAYER"                           value="./pathX/Player.png"></property>
        <property name="IMAGE_ZOMBIE"                           value="./pathX/Zombie.png"></property>
        <property name="IMAGE_BANDIT"                           value="./pathX/Bandit.png"></property>
        <property name="IMAGE_POLICE"                           value="./pathX/Police.png"></property>
        <property name="IMAGE_MAP_USA"                          value="./pathX/MapUSA.png"></property>
        <property name="IMAGE_HELP_DESCRIPTION"                 value="./pathX/HelpDescription.png"></property>
        <property name="IMAGE_LOCKED_LOCATION"                  value="./pathX/LockedLocation.png"></property>
        <property name="IMAGE_SUCCESSFUL_LOCATION"              value="./pathX/SuccessfulLocation.png"></property>
        <property name="IMAGE_UNSUCCESSFUL_LOCATION"            value="./pathX/UnsuccessfulLocation.png"></property>
        <property name="IMAGE_INFO_DIALOG_BOX"                  value="./pathX/InfoDialogBox.png"></property>
        <property name="IMAGE_BUTTON_MUTE_BOX"                  value="./pathX/ButtonMuteBox.png"></property>
        <property name="IMAGE_BUTTON_MUTE_BOX_MOUSE_OVER"       value="./pathX/ButtonMuteBoxMouseOver.png"></property>
        <property name="IMAGE_BUTTON_MUTE_BOX_SELECTED"         value="./pathX/ButtonMuteBoxSelected.png"></property>
        <property name="IMAGE_GAME_SPEED_SLIDER"                value="./pathX/GameSpeedSlider.png"></property>
        <property name="IMAGE_WINDOW_ICON"                      value="./pathX/WindowIcon.png"></property>
        <property name="IMAGE_GUN_CURSOR"                       value="./pathX/GunCursor.png"></property>
        
        <!-- SCROLLING BUTTONS -->
        <property name="IMAGE_BUTTON_SCROLL_UP"                 value="./pathX/ButtonScrollUp.png"></property>
        <property name="IMAGE_BUTTON_SCROLL_UP_MOUSE_OVER"      value="./pathX/ButtonScrollUpMouseOver.png"></property>
        <property name="IMAGE_BUTTON_SCROLL_DOWN"               value="./pathX/ButtonScrollDown.png"></property>
        <property name="IMAGE_BUTTON_SCROLL_DOWN_MOUSE_OVER"    value="./pathX/BUttonScrollDownMouseOver.png"></property>
        <property name="IMAGE_BUTTON_SCROLL_LEFT"               value="./pathX/ButtonScrollLeft.png"></property>
        <property name="IMAGE_BUTTON_SCROLL_LEFT_MOUSE_OVER"    value="./pathX/ButtonScrollLeftMouseOver.png"></property>
        <property name="IMAGE_BUTTON_SCROLL_RIGHT"              value="./pathX/ButtonScrollRight.png"></property>
        <property name="IMAGE_BUTTON_SCROLL_RIGHT_MOUSE_OVER"   value="./pathX/ButtonScrollRightMouseOver.png"></property>
        
        <!-- OTHER BUTTONS -->
        <property name="IMAGE_BUTTON_HOME"                      value="./pathX/ButtonHome.png"></property>
        <property name="IMAGE_BUTTON_HOME_MOUSE_OVER"           value="./pathX/ButtonHomeMouseOver.png"></property>
        <property name="IMAGE_BUTTON_EXIT"                      value="./pathX/ButtonExit.png"></property>
        <property name="IMAGE_BUTTON_EXIT_MOUSE_OVER"           value="./pathX/ButtonExitMouseOver.png"></property>
        <property name="IMAGE_BUTTON_START"                     value="./pathX/ButtonStart.png"></property>
        <property name="IMAGE_BUTTON_START_MOUSE_OVER"          value="./pathX/ButtonStartMouseOver.png"></property>
        <property name="IMAGE_BUTTON_CLOSE"                     value="./pathX/ButtonClose.png"></property>
        <property name="IMAGE_BUTTON_CLOSE_MOUSE_OVER"          value="./pathX/ButtonCloseMouseOver.png"></property>
        <property name="IMAGE_BUTTON_PAUSE"                     value="./pathX/ButtonPause.png"></property>
        <property name="IMAGE_BUTTON_PAUSE_MOUSE_OVER"          value="./pathX/ButtonPauseMouseOver.png"></property>
        
        <!-- AUDIO AND SONG CUES -->
        <property name="AUDIO_CUE_SELECT"                       value="./pathX/Select.wav"></property>
    </property_list>
    
    <!-- PLAYABLE LEVELS CREATED WITH THE LEVEL EDITOR -->
    <property_options_list>
        <property_options name="SPECIALS_BUTTON_OPTION">
            
        </property_options>
        <property_options name="LEVEL_OPTIONS">
            <option>Washington0.xml</option>
            <option>Washington1.xml</option>
            <option>Washington2.xml</option>
            <option>Montana0.xml</option>
            <option>Montana1.xml</option>
            <option>Montana2.xml</option>
            <option>California0.xml</option>
            <option>California1.xml</option>
            <option>California2.xml</option>
            <option>Texas0.xml</option>
            <option>Texas1.xml</option>
            <option>Texas2.xml</option>
            <option>Florida0.xml</option>
            <option>Florida1.xml</option>
            <option>Florida2.xml</option>
            <option>NewYork0.xml</option>
            <option>NewYork1.xml</option>
            <option>NewYork2.xml</option>
            <option>Zucker.xml</option>
            <option>Gates.xml</option>
        </property_options>
        <property_options name="LEVEL_IMAGE_OPTIONS">
        </property_options>
        <property_options name="MENU_BUTTON_OPTIONS">
            <option>./pathX/ButtonPlayGame.png</option>
            <option>./pathX/ButtonResetGame.png</option>
            <option>./pathX/ButtonSettings.png</option>
            <option>./pathX/ButtonHelp.png</option>
        </property_options>
        <property_options name="MENU_MOUSE_OVER_OPTIONS">
            <option>./pathX/ButtonPlayGameMouseOver.png</option>
            <option>./pathX/ButtonResetGameMouseOver.png</option>
            <option>./pathX/ButtonSettingsMouseOver.png</option>
            <option>./pathX/ButtonHelpMouseOver.png</option>
        </property_options>
    </property_options_list>
</properties>