<?xml version="1.0" encoding="UTF-8"?>
<project-private xmlns="http://www.netbeans.org/ns/project-private/1">
    <editor-bookmarks xmlns="http://www.netbeans.org/ns/editor-bookmarks/2" lastBookmarkId="0"/>
    <open-files xmlns="http://www.netbeans.org/ns/projectui-open-files/2">
        <group name="1">
            <file>file:/C:/Users/Dell/Documents/NetBeansProjects/HW4/pathX/src/pathX/ui/pathXMiniGame.java</file>
            <file>file:/C:/Users/Dell/Documents/NetBeansProjects/HW4/pathX/src/pathX/pathX.java</file>
            <file>file:/C:/Users/Dell/Documents/NetBeansProjects/HW4/pathX/src/pathX/ui/pathXTile.java</file>
            <file>file:/C:/Users/Dell/Documents/NetBeansProjects/HW4/pathX/src/pathX/ui/pathXErrorHandler.java</file>
            <file>file:/C:/Users/Dell/Documents/NetBeansProjects/HW4/pathX/src/pathX/file/pathXFileManager.java</file>
            <file>file:/C:/Users/Dell/Documents/NetBeansProjects/HW4/pathX/src/pathX/data/pathXDataModel.java</file>
            <file>file:/C:/Users/Dell/Documents/NetBeansProjects/HW4/pathX/src/pathX/ui/pathXSpecials.java</file>
            <file>file:/C:/Users/Dell/Documents/NetBeansProjects/HW4/pathX/src/pathX/data/pathXLevelRecord.java</file>
            <file>file:/C:/Users/Dell/Documents/NetBeansProjects/HW4/pathX/src/pathX/pathXConstants.java</file>
            <file>file:/C:/Users/Dell/Documents/NetBeansProjects/HW4/pathX/src/pathX/ui/pathXEventHandler.java</file>
            <file>file:/C:/Users/Dell/Documents/NetBeansProjects/HW4/pathX/src/pathX/data/pathXRecord.java</file>
            <file>file:/C:/Users/Dell/Documents/NetBeansProjects/HW4/pathX/src/pathX/ui/pathXSpecialsHandler.java</file>
            <file>file:/C:/Users/Dell/Documents/NetBeansProjects/HW4/pathX/src/pathX/ui/pathXPanel.java</file>
            <file>file:/C:/Users/Dell/Documents/NetBeansProjects/HW4/pathX/src/pathX/ui/pathXTileState.java</file>
        </group>
    </open-files>
</project-private>
