<?xml version="1.0" encoding="UTF-8"?>
<!--
    The properties in this file are loaded when The Sorting Hat game application
    first loads. It should specify all that's needed to know to run a flavor of the
    game, like where to load the Harry Potter-related content.
-->
<properties>
    <property_list>    
        <property name="FILE_GAME_PROPERTIES"   value="./path_X/path_X_properties.xml"></property>
        <property name="FILE_PLAYER_RECORD"     value="PlayerRecord.dat"></property>
        <property name="PATH_AUDIO"             value="./audio/"></property>
        <property name="PATH_IMG"               value="./img/"></property>
    </property_list>

    <property_options_list>
    </property_options_list>
</properties>