<?xml version="1.0" encoding="UTF-8" standalone="no"?>
<level image="CaliforniaBackground.png" name="California1">
     <intersections>
          <intersection id="0" open="true" x="161" y="273"/>
          <intersection id="0" open="true" x="1020" y="611"/>
          <intersection id="0" open="true" x="505" y="116"/>
          <intersection id="0" open="true" x="760" y="115"/>
          <intersection id="0" open="true" x="1023" y="362"/>
          <intersection id="0" open="true" x="505" y="430"/>
          <intersection id="0" open="true" x="318" y="270"/>
          <intersection id="0" open="false" x="760" y="273"/>
          <intersection id="0" open="true" x="1026" y="149"/>
          <intersection id="0" open="true" x="757" y="424"/>
     </intersections>
     <zombies_list>
          <zombie id="0" x="650" y="112"/>
          <zombie id="0" x="890" y="316"/>
     </zombies_list>
     <polices_list>
          <policee id="0" x="502" y="266"/>
          <policee id="0" x="636" y="423"/>
     </polices_list>
     <bandits_list>
          <bandit id="0" x="989" y="161"/>
     </bandits_list>
     <roads>
          <road int_id1="0" int_id2="6" one_way="false" speed_limit="30"/>
          <road int_id1="6" int_id2="2" one_way="false" speed_limit="30"/>
          <road int_id1="2" int_id2="3" one_way="true" speed_limit="100"/>
          <road int_id1="3" int_id2="7" one_way="true" speed_limit="30"/>
          <road int_id1="7" int_id2="5" one_way="true" speed_limit="30"/>
          <road int_id1="6" int_id2="5" one_way="false" speed_limit="30"/>
          <road int_id1="5" int_id2="9" one_way="false" speed_limit="100"/>
          <road int_id1="7" int_id2="2" one_way="true" speed_limit="30"/>
          <road int_id1="7" int_id2="4" one_way="false" speed_limit="30"/>
          <road int_id1="7" int_id2="8" one_way="false" speed_limit="30"/>
          <road int_id1="8" int_id2="4" one_way="false" speed_limit="30"/>
          <road int_id1="9" int_id2="1" one_way="false" speed_limit="20"/>
          <road int_id1="9" int_id2="4" one_way="true" speed_limit="30"/>
          <road int_id1="4" int_id2="1" one_way="false" speed_limit="50"/>
          <road int_id1="2" int_id2="5" one_way="false" speed_limit="30"/>
          <road int_id1="9" int_id2="7" one_way="false" speed_limit="30"/>
     </roads>
     <start_intersection id="0" image="CaliforniaStart1.png"/>
     <destination_intersection id="1" image="Safehouse.png"/>
     <money amount="800"/>
     <police num="2"/>
     <bandits num="1"/>
     <zombies num="2"/>
</level>
