<?xml version="1.0" encoding="UTF-8" standalone="no"?>
<level image="FloridaBackground.png" name="Florida0">
     <intersections>
          <intersection id="0" open="true" x="121" y="308"/>
          <intersection id="0" open="true" x="1516" y="355"/>
          <intersection id="0" open="true" x="485" y="96"/>
          <intersection id="0" open="false" x="701" y="101"/>
          <intersection id="0" open="false" x="1318" y="108"/>
          <intersection id="0" open="true" x="1320" y="355"/>
          <intersection id="0" open="false" x="742" y="615"/>
          <intersection id="0" open="false" x="479" y="313"/>
          <intersection id="0" open="true" x="269" y="309"/>
          <intersection id="0" open="true" x="643" y="314"/>
          <intersection id="0" open="true" x="480" y="614"/>
          <intersection id="0" open="true" x="958" y="101"/>
          <intersection id="0" open="false" x="840" y="318"/>
          <intersection id="0" open="true" x="1021" y="614"/>
     </intersections>
     <zombies_list>
          <zombie id="0" x="742" y="315"/>
          <zombie id="0" x="388" y="312"/>
          <zombie id="0" x="982" y="306"/>
     </zombies_list>
     <polices_list>
          <policee id="0" x="475" y="434"/>
          <policee id="0" x="549" y="182"/>
          <policee id="0" x="366" y="210"/>
     </polices_list>
     <bandits_list>
          <bandit id="0" x="1266" y="105"/>
          <bandit id="0" x="969" y="610"/>
          <bandit id="0" x="528" y="606"/>
     </bandits_list>
     <roads>
          <road int_id1="0" int_id2="8" one_way="false" speed_limit="100"/>
          <road int_id1="8" int_id2="7" one_way="true" speed_limit="100"/>
          <road int_id1="7" int_id2="10" one_way="false" speed_limit="100"/>
          <road int_id1="10" int_id2="6" one_way="false" speed_limit="50"/>
          <road int_id1="7" int_id2="9" one_way="false" speed_limit="20"/>
          <road int_id1="8" int_id2="2" one_way="false" speed_limit="30"/>
          <road int_id1="2" int_id2="9" one_way="false" speed_limit="30"/>
          <road int_id1="9" int_id2="12" one_way="false" speed_limit="30"/>
          <road int_id1="12" int_id2="6" one_way="false" speed_limit="100"/>
          <road int_id1="2" int_id2="3" one_way="true" speed_limit="30"/>
          <road int_id1="3" int_id2="11" one_way="false" speed_limit="30"/>
          <road int_id1="6" int_id2="13" one_way="false" speed_limit="100"/>
          <road int_id1="12" int_id2="13" one_way="false" speed_limit="30"/>
          <road int_id1="11" int_id2="12" one_way="false" speed_limit="30"/>
          <road int_id1="11" int_id2="4" one_way="true" speed_limit="100"/>
          <road int_id1="4" int_id2="13" one_way="false" speed_limit="10"/>
          <road int_id1="5" int_id2="1" one_way="false" speed_limit="30"/>
          <road int_id1="9" int_id2="9" one_way="false" speed_limit="30"/>
          <road int_id1="9" int_id2="3" one_way="false" speed_limit="30"/>
          <road int_id1="9" int_id2="6" one_way="true" speed_limit="100"/>
          <road int_id1="8" int_id2="10" one_way="false" speed_limit="30"/>
          <road int_id1="11" int_id2="5" one_way="true" speed_limit="10"/>
          <road int_id1="4" int_id2="5" one_way="false" speed_limit="100"/>
          <road int_id1="11" int_id2="13" one_way="false" speed_limit="30"/>
     </roads>
     <start_intersection id="0" image="FloridaStart1.png"/>
     <destination_intersection id="1" image="Safehouse.png"/>
     <money amount="1400"/>
     <police num="3"/>
     <bandits num="3"/>
     <zombies num="3"/>
</level>
