<?xml version="1.0" encoding="UTF-8" standalone="no"?>
<level image="NewYorkBackground.png" name="NewYork1">
     <intersections>
          <intersection id="0" open="true" x="139" y="287"/>
          <intersection id="0" open="true" x="1550" y="386"/>
          <intersection id="0" open="false" x="353" y="288"/>
          <intersection id="0" open="true" x="765" y="102"/>
          <intersection id="0" open="true" x="521" y="288"/>
          <intersection id="0" open="false" x="1263" y="102"/>
          <intersection id="0" open="false" x="761" y="690"/>
          <intersection id="0" open="true" x="335" y="481"/>
          <intersection id="0" open="false" x="513" y="687"/>
          <intersection id="0" open="false" x="1270" y="670"/>
          <intersection id="0" open="true" x="765" y="287"/>
          <intersection id="0" open="true" x="1266" y="386"/>
          <intersection id="0" open="true" x="355" y="109"/>
          <intersection id="0" open="false" x="1007" y="106"/>
          <intersection id="0" open="false" x="764" y="494"/>
          <intersection id="0" open="true" x="1011" y="288"/>
          <intersection id="0" open="true" x="1016" y="491"/>
          <intersection id="0" open="true" x="1016" y="849"/>
     </intersections>
     <zombies_list/>
     <polices_list/>
     <bandits_list/>
     <roads>
          <road int_id1="0" int_id2="2" one_way="false" speed_limit="30"/>
          <road int_id1="4" int_id2="12" one_way="false" speed_limit="30"/>
          <road int_id1="12" int_id2="3" one_way="false" speed_limit="100"/>
          <road int_id1="3" int_id2="13" one_way="true" speed_limit="10"/>
          <road int_id1="3" int_id2="10" one_way="false" speed_limit="30"/>
          <road int_id1="10" int_id2="15" one_way="true" speed_limit="100"/>
          <road int_id1="15" int_id2="13" one_way="false" speed_limit="40"/>
          <road int_id1="4" int_id2="7" one_way="false" speed_limit="30"/>
          <road int_id1="10" int_id2="14" one_way="false" speed_limit="30"/>
          <road int_id1="15" int_id2="16" one_way="false" speed_limit="40"/>
          <road int_id1="16" int_id2="14" one_way="true" speed_limit="10"/>
          <road int_id1="7" int_id2="14" one_way="false" speed_limit="50"/>
          <road int_id1="7" int_id2="8" one_way="false" speed_limit="50"/>
          <road int_id1="16" int_id2="17" one_way="true" speed_limit="40"/>
          <road int_id1="8" int_id2="6" one_way="false" speed_limit="10"/>
          <road int_id1="6" int_id2="17" one_way="false" speed_limit="100"/>
          <road int_id1="17" int_id2="9" one_way="false" speed_limit="10"/>
          <road int_id1="16" int_id2="9" one_way="false" speed_limit="100"/>
          <road int_id1="15" int_id2="11" one_way="false" speed_limit="10"/>
          <road int_id1="16" int_id2="11" one_way="false" speed_limit="10"/>
          <road int_id1="15" int_id2="5" one_way="false" speed_limit="100"/>
          <road int_id1="13" int_id2="5" one_way="false" speed_limit="10"/>
          <road int_id1="11" int_id2="1" one_way="false" speed_limit="30"/>
          <road int_id1="10" int_id2="4" one_way="true" speed_limit="10"/>
          <road int_id1="11" int_id2="5" one_way="true" speed_limit="50"/>
          <road int_id1="11" int_id2="9" one_way="true" speed_limit="50"/>
          <road int_id1="6" int_id2="14" one_way="true" speed_limit="30"/>
          <road int_id1="2" int_id2="3" one_way="false" speed_limit="30"/>
          <road int_id1="6" int_id2="16" one_way="false" speed_limit="30"/>
     </roads>
     <start_intersection id="0" image="NewYorkStart0.png"/>
     <destination_intersection id="1" image="Safehouse.png"/>
     <money amount="1800"/>
     <police num="3"/>
     <bandits num="3"/>
     <zombies num="4"/>
</level>
