<?xml version="1.0" encoding="UTF-8" standalone="no"?>
<level image="TexasBackground.png" name="Texas1">
     <intersections>
          <intersection id="0" open="true" x="124" y="218"/>
          <intersection id="0" open="true" x="1020" y="229"/>
          <intersection id="0" open="true" x="882" y="348"/>
          <intersection id="0" open="true" x="461" y="99"/>
          <intersection id="0" open="true" x="264" y="218"/>
          <intersection id="0" open="true" x="551" y="232"/>
          <intersection id="0" open="true" x="671" y="370"/>
          <intersection id="0" open="true" x="493" y="633"/>
          <intersection id="0" open="true" x="391" y="397"/>
          <intersection id="0" open="false" x="569" y="489"/>
          <intersection id="0" open="true" x="793" y="526"/>
          <intersection id="0" open="false" x="756" y="103"/>
     </intersections>
     <zombies_list>
          <zombie id="0" x="482" y="447"/>
          <zombie id="0" x="458" y="318"/>
     </zombies_list>
     <polices_list>
          <policee id="0" x="602" y="294"/>
          <policee id="0" x="812" y="217"/>
     </polices_list>
     <bandits_list>
          <bandit id="0" x="539" y="612"/>
          <bandit id="0" x="804" y="490"/>
          <bandit id="0" x="713" y="100"/>
     </bandits_list>
     <roads>
          <road int_id1="0" int_id2="4" one_way="false" speed_limit="30"/>
          <road int_id1="4" int_id2="3" one_way="true" speed_limit="30"/>
          <road int_id1="4" int_id2="8" one_way="false" speed_limit="10"/>
          <road int_id1="3" int_id2="5" one_way="false" speed_limit="30"/>
          <road int_id1="5" int_id2="6" one_way="false" speed_limit="10"/>
          <road int_id1="3" int_id2="11" one_way="false" speed_limit="50"/>
          <road int_id1="5" int_id2="11" one_way="false" speed_limit="60"/>
          <road int_id1="7" int_id2="8" one_way="false" speed_limit="30"/>
          <road int_id1="7" int_id2="9" one_way="true" speed_limit="40"/>
          <road int_id1="9" int_id2="10" one_way="false" speed_limit="10"/>
          <road int_id1="10" int_id2="2" one_way="false" speed_limit="30"/>
          <road int_id1="8" int_id2="6" one_way="true" speed_limit="20"/>
          <road int_id1="11" int_id2="2" one_way="false" speed_limit="20"/>
          <road int_id1="2" int_id2="1" one_way="false" speed_limit="30"/>
          <road int_id1="6" int_id2="10" one_way="false" speed_limit="30"/>
          <road int_id1="7" int_id2="10" one_way="true" speed_limit="20"/>
          <road int_id1="8" int_id2="5" one_way="true" speed_limit="100"/>
          <road int_id1="9" int_id2="8" one_way="true" speed_limit="30"/>
     </roads>
     <start_intersection id="0" image="TexasStart1.png"/>
     <destination_intersection id="1" image="Safehouse.png"/>
     <money amount="1100"/>
     <police num="2"/>
     <bandits num="3"/>
     <zombies num="2"/>
</level>
