<?xml version="1.0" encoding="UTF-8" standalone="no"?>
<level image="TexasBackground.png" name="Texas1">
     <intersections>
          <intersection id="0" open="true" x="124" y="218"/>
          <intersection id="0" open="true" x="1077" y="415"/>
          <intersection id="0" open="true" x="868" y="416"/>
          <intersection id="0" open="true" x="461" y="99"/>
          <intersection id="0" open="true" x="264" y="218"/>
          <intersection id="0" open="false" x="553" y="222"/>
          <intersection id="0" open="false" x="664" y="416"/>
          <intersection id="0" open="true" x="311" y="634"/>
          <intersection id="0" open="true" x="317" y="415"/>
          <intersection id="0" open="false" x="493" y="525"/>
          <intersection id="0" open="true" x="665" y="623"/>
          <intersection id="0" open="false" x="790" y="100"/>
     </intersections>
     <zombies_list>
          <zombie id="0" x="371" y="152"/>
          <zombie id="0" x="290" y="317"/>
          <zombie id="0" x="497" y="415"/>
     </zombies_list>
     <polices_list>
          <policee id="0" x="765" y="520"/>
          <policee id="0" x="402" y="467"/>
     </polices_list>
     <bandits_list>
          <bandit id="0" x="353" y="633"/>
          <bandit id="0" x="752" y="96"/>
     </bandits_list>
     <roads>
          <road int_id1="0" int_id2="4" one_way="false" speed_limit="30"/>
          <road int_id1="4" int_id2="3" one_way="false" speed_limit="50"/>
          <road int_id1="4" int_id2="8" one_way="false" speed_limit="30"/>
          <road int_id1="3" int_id2="5" one_way="false" speed_limit="30"/>
          <road int_id1="5" int_id2="6" one_way="true" speed_limit="30"/>
          <road int_id1="3" int_id2="11" one_way="true" speed_limit="10"/>
          <road int_id1="5" int_id2="11" one_way="false" speed_limit="20"/>
          <road int_id1="7" int_id2="8" one_way="false" speed_limit="30"/>
          <road int_id1="7" int_id2="9" one_way="true" speed_limit="30"/>
          <road int_id1="9" int_id2="10" one_way="false" speed_limit="30"/>
          <road int_id1="10" int_id2="2" one_way="false" speed_limit="30"/>
          <road int_id1="8" int_id2="6" one_way="false" speed_limit="60"/>
          <road int_id1="11" int_id2="2" one_way="false" speed_limit="40"/>
          <road int_id1="2" int_id2="1" one_way="false" speed_limit="30"/>
          <road int_id1="4" int_id2="5" one_way="false" speed_limit="10"/>
          <road int_id1="8" int_id2="9" one_way="false" speed_limit="30"/>
          <road int_id1="6" int_id2="10" one_way="false" speed_limit="30"/>
          <road int_id1="6" int_id2="11" one_way="false" speed_limit="60"/>
          <road int_id1="7" int_id2="10" one_way="false" speed_limit="30"/>
          <road int_id1="8" int_id2="5" one_way="true" speed_limit="10"/>
          <road int_id1="6" int_id2="9" one_way="true" speed_limit="30"/>
          <road int_id1="2" int_id2="5" one_way="true" speed_limit="30"/>
          <road int_id1="2" int_id2="6" one_way="false" speed_limit="30"/>
     </roads>
     <start_intersection id="0" image="TexasStart2.png"/>
     <destination_intersection id="1" image="Safehouse.png"/>
     <money amount="1000"/>
     <police num="2"/>
     <bandits num="2"/>
     <zombies num="3"/>
</level>
