<?xml version="1.0" encoding="UTF-8" standalone="no"?>
<level image="WashingtonBackground.png" name="Washington">
     <intersections>
          <intersection id="0" open="true" x="153" y="266"/>
          <intersection id="0" open="true" x="1031" y="268"/>
          <intersection id="0" open="true" x="593" y="667"/>
          <intersection id="0" open="true" x="590" y="60"/>
          <intersection id="0" open="true" x="863" y="267"/>
          <intersection id="0" open="true" x="332" y="269"/>
     </intersections>
     <zombies_list>
          <zombie id="0" x="742" y="441"/>
     </zombies_list>
     <polices_list>
          <policee id="0" x="462" y="155"/>
     </polices_list>
     <bandits_list/>
     <roads>
          <road int_id1="2" int_id2="4" one_way="false" speed_limit="100"/>
          <road int_id1="5" int_id2="3" one_way="false" speed_limit="80"/>
          <road int_id1="5" int_id2="2" one_way="false" speed_limit="30"/>
          <road int_id1="0" int_id2="5" one_way="false" speed_limit="30"/>
          <road int_id1="2" int_id2="2" one_way="false" speed_limit="30"/>
          <road int_id1="4" int_id2="1" one_way="false" speed_limit="30"/>
          <road int_id1="3" int_id2="4" one_way="false" speed_limit="30"/>
          <road int_id1="5" int_id2="4" one_way="false" speed_limit="30"/>
     </roads>
     <start_intersection id="0" image="WashingtonStart0.png"/>
     <destination_intersection id="1" image="Safehouse.png"/>
     <money amount="100"/>
     <police num="1"/>
     <bandits num="0"/>
     <zombies num="1"/>
</level>
