<?xml version="1.0" encoding="UTF-8" standalone="no"?>
<level image="WashingtonBackground.png" name="Washington">
     <intersections>
          <intersection id="0" open="true" x="111" y="282"/>
          <intersection id="0" open="true" x="929" y="268"/>
          <intersection id="0" open="true" x="411" y="596"/>
          <intersection id="0" open="true" x="595" y="61"/>
          <intersection id="0" open="true" x="772" y="586"/>
          <intersection id="0" open="true" x="290" y="285"/>
     </intersections>
     <zombies_list>
          <zombie id="0" x="517" y="278"/>
     </zombies_list>
     <polices_list>
          <policee id="0" x="670" y="292"/>
     </polices_list>
     <bandits_list>
          <bandit id="0" x="443" y="169"/>
     </bandits_list>
     <roads>
          <road int_id1="2" int_id2="4" one_way="false" speed_limit="10"/>
          <road int_id1="4" int_id2="1" one_way="false" speed_limit="30"/>
          <road int_id1="5" int_id2="3" one_way="false" speed_limit="60"/>
          <road int_id1="5" int_id2="2" one_way="false" speed_limit="30"/>
          <road int_id1="0" int_id2="5" one_way="false" speed_limit="30"/>
          <road int_id1="2" int_id2="2" one_way="false" speed_limit="30"/>
          <road int_id1="2" int_id2="3" one_way="false" speed_limit="40"/>
          <road int_id1="4" int_id2="3" one_way="false" speed_limit="70"/>
     </roads>
     <start_intersection id="0" image="WashingtonStart1.png"/>
     <destination_intersection id="1" image="Safehouse.png"/>
     <money amount="200"/>
     <police num="1"/>
     <bandits num="1"/>
     <zombies num="1"/>
</level>
